Year,County,CountyDummy,SalesTax,Population,TaxRates,PerCapitaPersonalIncome,Employment,USRetailSales,PersonalIncome
1995,Albany,1,155801549,299725,4,26834,151616,"2,450,628",8042955
1995,Allegany,2,11996446,51251,4,16246,21314,"2,450,628",832649
1995,Broome,3,74985517,207478,4,21232,93242,"2,450,628",4405211
1995,Cattaraugus,4,20344216,85040,4,17648,36577,"2,450,628",1500797
1995,Cayuga,5,22353399,82964,4,19174,35341,"2,450,628",1590753
1995,Chautauqua,6,33626721,142542,3,18555,63386,"2,450,628",2644908
1995,Chemung,7,28150250,93675,3,20134,40947,"2,450,628",1886083
1995,Chenango,8,8051158,52127,3,18114,22780,"2,450,628",944245
1995,Clinton,9,24469498,82914,3,18879,37541,"2,450,628",1565329
1995,Columbia,10,13630716,63790,4,22248,31407,"2,450,628",1419227
1995,Cortland,11,13722918,49123,4,18349,22233,"2,450,628",901341
1995,Delaware,12,6874844,48638,2,17167,19889,"2,450,628",834965
1995,Dutchess,13,73390310,266538,3,25171,110275,"2,450,628",6709048
1995,Erie,14,369341237,973927,4,23105,442040,"2,450,628",22502280
1995,Essex,15,10805697,38262,3,18795,16422,"2,450,628",719118
1995,Franklin,16,8612721,49965,3,16617,19646,"2,450,628",830284
1995,Fulton,17,8412938,55217,3,19366,25238,"2,450,628",1069307
1995,Genesee,18,12964579,61105,4,20764,30034,"2,450,628",1268763
1995,Greene,19,13897422,47187,4,19280,19510,"2,450,628",909776
1995,Hamilton,20,1595205,5245,3,20720,2222,"2,450,628",108675
1995,Herkimer,21,13131136,66711,4,18352,29098,"2,450,628",1224275
1995,Jefferson,22,29050854,115361,3,19035,39935,"2,450,628",2195929
1995,Lewis,23,4494022,27364,3,16191,11530,"2,450,628",443045
1995,Livingston,24,12611466,64146,3,19879,32182,"2,450,628",1275178
1995,Madison,25,11175160,70182,3,20681,32997,"2,450,628",1451449
1995,Monroe,26,298975109,733643,4,26146,366186,"2,450,628",19181514
1995,Montgomery,27,10425204,51649,3,20053,22165,"2,450,628",1035714
1995,Nassau,28,619494746,1312950,4.25,37628,645219,"2,450,628",49403343
1995,Niagara,29,52025496,223958,3,21072,101822,"2,450,628",4719198
1995,Onandaga,31,154998925,470235,3,23545,224231,"2,450,628",11071707
1995,Oneida,30,65038636,244736,4,20570,107491,"2,450,628",5034322
1995,Ontario,32,26715447,98816,3,23481,50172,"2,450,628",2320328
1995,Orange,33,87047303,323451,3,22995,145551,"2,450,628",7437854
1995,Orleans,34,8648998,44524,4,18361,19606,"2,450,628",817526
1995,Oswego,35,0,123972,0,18707,52439,"2,450,628",2319125
1995,Otsego,36,13641224,61671,3,18725,29184,"2,450,628",1154814
1995,Putnam,37,17929897,89969,3,29930,47127,"2,450,628",2692808
1995,Rensselaer,38,33833889,154969,4,22803,76308,"2,450,628",3533756
1995,Rockland,39,71149753,276649,3,31785,133737,"2,450,628",8793233
1995,Saratoga,41,49835120,193253,3,24477,96527,"2,450,628",4730293
1995,Schenectady,42,44396519,150355,3,25764,70017,"2,450,628",3873796
1995,Schohaire,43,5662107,32137,3,19457,14324,"2,450,628",625294
1995,Schuyler,44,3296267,19128,3,16924,8246,"2,450,628",323730
1995,Seneca,45,6362009,32698,3,20311,14040,"2,450,628",664144
1995,St. Lawrence,40,25333964,114317,3,16488,46521,"2,450,628",1884820
1995,Steuben,46,25219862,99950,4,20467,44723,"2,450,628",2045686
1995,Suffolk,47,572889222,1361391,4.25,28552,655549,"2,450,628",38869977
1995,Sullivan,48,16732423,72379,3,21152,30211,"2,450,628",1530978
1995,Tioga,49,12226914,52601,3.25,19358,24325,"2,450,628",1018269
1995,Tompkins,50,27571192,96870,4,19962,47356,"2,450,628",1933738
1995,Ulster,51,54302973,172362,3.75,20870,74175,"2,450,628",3597135
1995,Warren,52,24785262,62271,3,22104,30516,"2,450,628",1376432
1995,Washington,53,9546620,61225,3,17852,28059,"2,450,628",1093009
1995,Wayne,54,18769981,92740,3,21837,45901,"2,450,628",2025161
1995,Westchester,55,227852928,897945,2.25,41086,418645,"2,450,628",36892785
1995,Wyoming,56,9068279,43709,4,17149,19848,"2,450,628",749585
1995,Yates,57,3965895,24064,3,17087,12339,"2,450,628",411170
1996,Albany,1,159835527,297680,4,27747,151137,"2,603,794",8259852
1996,Allegany,2,11799565,50869,4,17188,21627,"2,603,794",874351
1996,Broome,3,72582009,204415,4,22105,92555,"2,603,794",4518683
1996,Cattaraugus,4,21003613,85284,4,18452,38234,"2,603,794",1573696
1996,Cayuga,5,22753287,82846,4,20323,35842,"2,603,794",1683646
1996,Chautauqua,6,34308208,142476,3,19059,64828,"2,603,794",2715467
1996,Chemung,7,27792230,92972,3,20991,42221,"2,603,794",1951613
1996,Chenango,8,8723630,52297,3,18612,22403,"2,603,794",973374
1996,Clinton,9,23886281,80440,3,19560,37183,"2,603,794",1573414
1996,Columbia,10,17897364,63625,4,23216,31285,"2,603,794",1477146
1996,Cortland,11,15841229,48726,4,18947,22268,"2,603,794",923208
1996,Delaware,12,6716898,48342,2,18232,19539,"2,603,794",881352
1996,Dutchess,13,78138194,268986,3,26266,113452,"2,603,794",7065162
1996,Erie,14,381272877,970375,4,23844,446115,"2,603,794",23137938
1996,Essex,15,10110455,38595,3,19180,16503,"2,603,794",740254
1996,Franklin,16,8521703,50179,3,17339,19951,"2,603,794",870045
1996,Fulton,17,8241830,55388,3,20482,24951,"2,603,794",1134460
1996,Genesee,18,16681935,61288,4,21098,30749,"2,603,794",1293036
1996,Greene,19,13950080,47170,4,20301,19599,"2,603,794",957584
1996,Hamilton,20,1711213,5354,3,21105,2239,"2,603,794",112998
1996,Herkimer,21,14968251,66454,4,18633,29484,"2,603,794",1238252
1996,Jefferson,22,29745903,114585,3,19668,40398,"2,603,794",2253654
1996,Lewis,23,4295531,27357,3,17218,11535,"2,603,794",471031
1996,Livingston,24,12601215,64146,3,20433,32883,"2,603,794",1310709
1996,Madison,25,10341282,70151,3,21243,33924,"2,603,794",1490247
1996,Monroe,26,304201569,734257,4,27135,370060,"2,603,794",19924422
1996,Montgomery,27,10669715,51305,3,20316,22101,"2,603,794",1042297
1996,Nassau,28,639569202,1315799,4.25,39666,655442,"2,603,794",52191868
1996,Niagara,29,57417286,223792,3,21757,103351,"2,603,794",4869053
1996,Onandaga,31,151010341,466614,3,24334,226272,"2,603,794",11354547
1996,Oneida,30,63746010,239246,4,21208,106097,"2,603,794",5073979
1996,Ontario,32,28770934,99509,3,23779,51277,"2,603,794",2366264
1996,Orange,33,92851240,326000,3,23739,148429,"2,603,794",7738793
1996,Orleans,34,9457154,44435,4,18593,19876,"2,603,794",826201
1996,Oswego,35,0,123619,0,18733,53429,"2,603,794",2315773
1996,Otsego,36,14741424,61584,3,19539,29852,"2,603,794",1203264
1996,Putnam,37,19050760,90768,3,31654,48244,"2,603,794",2873198
1996,Rensselaer,38,36845855,154928,4,23129,76560,"2,603,794",3583309
1996,Rockland,39,72061865,277714,3,33423,135156,"2,603,794",9282116
1996,Saratoga,41,49696701,193937,3,25572,97324,"2,603,794",4959364
1996,Schenectady,42,41126610,149351,3,26837,69780,"2,603,794",4008098
1996,Schohaire,43,5962572,32111,3,19393,14433,"2,603,794",622735
1996,Schuyler,44,3359549,19089,3,17902,8550,"2,603,794",341724
1996,Seneca,45,7680612,33500,3,20373,14482,"2,603,794",682484
1996,St. Lawrence,40,24374427,113888,3,17167,46933,"2,603,794",1955115
1996,Steuben,46,25847312,99212,4,21534,45499,"2,603,794",2136435
1996,Suffolk,47,596556263,1368366,4,29843,668660,"2,603,794",40836055
1996,Sullivan,48,17320417,72758,3,22386,30447,"2,603,794",1628779
1996,Tioga,49,9678746,52287,3.25,20207,24587,"2,603,794",1056539
1996,Tompkins,50,27263664,96298,4,20331,48057,"2,603,794",1957819
1996,Ulster,51,52858943,173205,3.75,21337,74490,"2,603,794",3695647
1996,Warren,52,25768105,62337,3,22752,30308,"2,603,794",1418263
1996,Washington,53,8820208,61278,3,18692,27727,"2,603,794",1145415
1996,Wayne,54,20281787,93128,3,22430,47031,"2,603,794",2088892
1996,Westchester,55,233678459,902174,2.25,43776,427675,"2,603,794",39493959
1996,Wyoming,56,10067544,43950,4,17798,19138,"2,603,794",782237
1996,Yates,57,4103133,24209,3,17814,12581,"2,603,794",431270
1997,Albany,1,161729286,296187,4,29302,154115,2726131,8679013
1997,Allegany,2,11869847,50325,4,17536,21688,2726131,882513
1997,Broome,3,76958078,202053,4,23119,95539,2726131,4671281
1997,Cattaraugus,4,22606123,84718,4,19349,39371,2726131,1639208
1997,Cayuga,5,19340841,82693,4,20988,36321,2726131,1735594
1997,Chautauqua,6,35286113,141531,3,19709,65654,2726131,2789486
1997,Chemung,7,28876125,92162,3,21885,43157,2726131,2016989
1997,Chenango,8,8795330,52017,3,19203,22770,2726131,998882
1997,Clinton,9,24066915,80191,3,20377,37670,2726131,1634049
1997,Columbia,10,19130359,63505,4,24356,32366,2726131,1546711
1997,Cortland,11,17532800,48619,4,19866,22665,2726131,965856
1997,Delaware,12,7172491,47878,2,19236,20287,2726131,920996
1997,Dutchess,13,84061224,270935,3,27956,115787,2726131,7574224
1997,Erie,14,393153643,963040,4,24896,452464,2726131,23975840
1997,Essex,15,11842080,38646,3,19907,16735,2726131,769319
1997,Franklin,16,9079744,49919,3,17746,19844,2726131,885858
1997,Fulton,17,8347212,55102,3,21381,25457,2726131,1178140
1997,Genesee,18,17388789,61216,4,22026,30943,2726131,1348363
1997,Greene,19,14598467,47346,4,21601,20367,2726131,1022698
1997,Hamilton,20,1712087,5274,3,22612,2253,2726131,119257
1997,Herkimer,21,15672996,65818,4,19228,29650,2726131,1265578
1997,Jefferson,22,30567385,113055,3,20440,41012,2726131,2310841
1997,Lewis,23,4412898,27251,3,17712,11730,2726131,482678
1997,Livingston,24,12990750,64217,3,21042,33443,2726131,1351251
1997,Madison,25,11476072,69554,3,22547,34207,2726131,1568243
1997,Monroe,26,324575118,734394,4,28215,375890,2726131,20720638
1997,Montgomery,27,11313181,50798,3,21217,22462,2726131,1077787
1997,Nassau,28,674246070,1318211,4.25,42048,668713,2726131,55427940
1997,Niagara,29,56342763,223135,3,22594,105109,2726131,5041411
1997,Onandaga,31,153783164,462438,3,25319,228985,2726131,11708329
1997,Oneida,30,65441818,236863,4,22267,107373,2726131,5274324
1997,Ontario,32,33320002,99693,3,24712,52286,2726131,2463654
1997,Orange,33,96658086,328860,3,24488,151592,2726131,8053265
1997,Orleans,34,9661377,44172,4,19322,20161,2726131,853496
1997,Oswego,35,0,123237,3,19481,54305,2726131,2400826
1997,Otsego,36,14703440,61371,3,20250,30163,2726131,1242754
1997,Putnam,37,19880344,92139,3,33570,50477,2726131,3093084
1997,Rensselaer,38,39631825,153653,4,24309,77798,2726131,3735090
1997,Rockland,39,77112726,279082,3,35918,138406,2726131,10024060
1997,Saratoga,41,51591711,194757,3,27230,100219,2726131,5303323
1997,Schenectady,42,42924756,148557,3,28312,71009,2726131,4206000
1997,Schohaire,43,6655958,31557,3,20435,14638,2726131,644872
1997,Schuyler,44,3569125,19023,3,18426,8464,2726131,350523
1997,Seneca,45,8619836,33362,3,21466,14531,2726131,716160
1997,St. Lawrence,40,24561106,112867,3,18002,47560,2726131,2031817
1997,Steuben,46,26727745,98907,4,21808,46053,2726131,2156947
1997,Suffolk,47,594028650,1377203,4,32116,686063,2726131,44230610
1997,Sullivan,48,16759335,72712,3,22059,29759,2726131,1603970
1997,Tioga,49,10597358,52160,3.25,21201,25545,2726131,1105831
1997,Tompkins,50,27523089,96216,4,21043,48763,2726131,2024637
1997,Ulster,51,56986882,174148,3.75,22226,77672,2726131,3870596
1997,Warren,52,26548070,62460,3,23887,30403,2726131,1491989
1997,Washington,53,9682016,60950,3,19377,27930,2726131,1181055
1997,Wayne,54,19657658,93282,3,23470,47808,2726131,2189361
1997,Westchester,55,255021047,905632,2.25,46914,436277,2726131,42487138
1997,Wyoming,56,9694640,43767,4,18247,19464,2726131,798608
1997,Yates,57,4364204,24245,3,18872,13007,2726131,457551
1998,Albany,1,167551595,295097,4,30841,155062,2852956,9100959
1998,Allegany,2,12248202,49991,4,18309,21944,2852956,915298
1998,Broome,3,78780745,201072,4,23634,95345,2852956,4752125
1998,Cattaraugus,4,22142957,84519,4,19994,38700,2852956,1689883
1998,Cayuga,5,19140684,82497,4,21291,36730,2852956,1756455
1998,Chautauqua,6,35888217,140784,3,20575,65133,2852956,2896680
1998,Chemung,7,30133866,91791,3,22699,43714,2852956,2083594
1998,Chenango,8,9229937,51432,3,20073,22915,2852956,1032372
1998,Clinton,9,23039359,79926,3,21614,37587,2852956,1727535
1998,Columbia,10,19210964,63356,4,26019,32355,2852956,1648482
1998,Cortland,11,16541344,48755,4,20468,22116,2852956,997928
1998,Delaware,12,7130946,47999,2,20287,20255,2852956,973767
1998,Dutchess,13,85416524,273784,3,28742,116423,2852956,7869222
1998,Erie,14,397603090,956578,4,25874,449035,2852956,24750103
1998,Essex,15,11361017,38506,3,20882,17000,2852956,804072
1998,Franklin,16,9182498,49620,3,18456,19724,2852956,915799
1998,Fulton,17,8489523,54971,3,22425,25367,2852956,1232707
1998,Genesee,18,17833313,60877,4,23133,31033,2852956,1408244
1998,Greene,19,15168510,47771,4,22232,20761,2852956,1062050
1998,Hamilton,20,1722795,5296,3,22961,2226,2852956,121602
1998,Herkimer,21,15409650,64909,4,20381,29784,2852956,1322926
1998,Jefferson,22,30856893,112546,3,21555,40386,2852956,2425971
1998,Lewis,23,4639687,27072,3,18782,11172,2852956,508455
1998,Livingston,24,13507636,63948,3,22184,33510,2852956,1418610
1998,Madison,25,11920705,69464,3,23962,34343,2852956,1664498
1998,Monroe,26,321702240,734076,4,29440,376841,2852956,21611293
1998,Montgomery,27,11070588,50321,3,22431,22471,2852956,1128768
1998,Nassau,28,694373590,1322950,4.25,44219,676297,2852956,58500136
1998,Niagara,29,55182665,221884,3,23235,104522,2852956,5155402
1998,Onandaga,31,158333701,459882,3,26649,228745,2852956,12255318
1998,Oneida,30,65529930,235710,4,23258,108505,2852956,5482129
1998,Ontario,32,33137775,99603,3,26451,52553,2852956,2634571
1998,Orange,33,100179255,332199,3,26000,153679,2852956,8637167
1998,Orleans,34,9289449,44167,4,19754,20394,2852956,872486
1998,Oswego,35,15230754,122153,3,20154,54154,2852956,2461860
1998,Otsego,36,15637349,61379,3,20961,30176,2852956,1286561
1998,Putnam,37,20928347,93301,3,34964,52529,2852956,3262169
1998,Rensselaer,38,40433342,153085,4,25574,77768,2852956,3915040
1998,Rockland,39,82432430,282044,3,37513,142601,2852956,10580254
1998,Saratoga,41,53278961,196513,3,28710,102063,2852956,5641825
1998,Schenectady,42,44341736,147738,3,29019,71034,2852956,4287191
1998,Schohaire,43,6614728,31279,3,22065,14561,2852956,690159
1998,Schuyler,44,3544543,19143,3,19236,8363,2852956,368242
1998,Seneca,45,9329191,33184,3,22310,14951,2852956,740333
1998,St. Lawrence,40,24977723,112261,3,19195,47917,2852956,2154817
1998,Steuben,46,26365231,98657,4,22840,45521,2852956,2253353
1998,Suffolk,47,632083819,1390729,4,33102,697830,2852956,46036477
1998,Sullivan,48,17452640,72974,3,23256,29695,2852956,1697054
1998,Tioga,49,10657914,52163,3.25,21598,25714,2852956,1126600
1998,Tompkins,50,29049251,96036,4,21921,49054,2852956,2105230
1998,Ulster,51,57518544,175085,3.75,23769,79657,2852956,4161557
1998,Warren,52,27648962,62585,3,25039,30340,2852956,1567080
1998,Washington,53,9743235,60851,3,20197,27687,2852956,1229022
1998,Wayne,54,19982728,93624,3,23945,48422,2852956,2241857
1998,Westchester,55,268244394,911628,2.25,50682,438915,2852956,46203364
1998,Wyoming,56,9889380,43527,4,18915,19285,2852956,823317
1998,Yates,57,4362568,24355,3,19272,12966,2852956,469359
1999,Albany,1,168204622,294692,4,33078,154244,3086990,9747730
1999,Allegany,2,11572056,49997,4,18966,21709,3086990,948254
1999,Broome,3,79684236,200881,4,24609,95018,3086990,4943502
1999,Cattaraugus,4,22717445,84050,4,21034,38686,3086990,1767910
1999,Cayuga,5,19309728,82034,4,22467,36510,3086990,1843079
1999,Chautauqua,6,35967942,140087,3,21174,63808,3086990,2966240
1999,Chemung,7,30427464,91284,3,23738,42895,3086990,2166884
1999,Chenango,8,9341195,51286,3,21342,23002,3086990,1094544
1999,Clinton,9,25520411,79875,3,22724,37634,3086990,1815100
1999,Columbia,10,20301001,63217,4,27443,33031,3086990,1734833
1999,Cortland,11,16790675,48734,4,21324,21414,3086990,1039195
1999,Delaware,12,7482674,48069,2,21542,19990,3086990,1035516
1999,Dutchess,13,85766451,277586,3,30142,117411,3086990,8366958
1999,Erie,14,395802411,952546,4,27054,443807,3086990,25770441
1999,Essex,15,12088823,38664,3,21983,16925,3086990,849949
1999,Franklin,16,9357648,51061,3,18825,20567,3086990,961242
1999,Fulton,17,8879031,55011,3,23404,25426,3086990,1287477
1999,Genesee,18,19218230,60554,4,24196,30628,3086990,1465166
1999,Greene,19,15056757,47975,4,23145,20731,3086990,1110374
1999,Hamilton,20,1782981,5325,3,23826,2337,3086990,126874
1999,Herkimer,21,15741113,64462,4,21681,29772,3086990,1397629
1999,Jefferson,22,31818065,112081,3,22627,40586,3086990,2536024
1999,Lewis,23,4784707,26914,3,19772,11255,3086990,532152
1999,Livingston,24,14035660,64243,3,23041,33298,3086990,1480201
1999,Madison,25,12003286,69523,3,25000,34434,3086990,1738070
1999,Monroe,26,324256864,733679,4,30452,371950,3086990,22342099
1999,Montgomery,27,11900811,49918,3,23307,22251,3086990,1163418
1999,Nassau,28,716197374,1330815,4.25,45733,679355,3086990,60862617
1999,Niagara,29,54910948,220556,3,24113,103393,3086990,5318169
1999,Onandaga,31,164198282,458575,3,27875,227817,3086990,12782829
1999,Oneida,30,68038314,235412,4,24296,109134,3086990,5719475
1999,Ontario,32,35289276,99802,3,27991,52193,3086990,2793574
1999,Orange,33,104764197,336630,3,27363,155110,3086990,9211213
1999,Orleans,34,9619458,44183,4,20421,20250,3086990,902267
1999,Oswego,35,15110475,122199,3,21049,54161,3086990,2572163
1999,Otsego,36,15446686,61629,3,21967,30432,3086990,1353821
1999,Putnam,37,23528712,94647,3,37140,53758,3086990,3515204
1999,Rensselaer,38,41666498,152392,4,26891,77241,3086990,4097965
1999,Rockland,39,90631839,285265,3,39183,143483,3086990,11177659
1999,Saratoga,41,56269644,198641,3,30457,103063,3086990,6049992
1999,Schenectady,42,47021267,146857,3.5,28452,70300,3086990,4178303
1999,Schohaire,43,6546859,31537,3,22903,14524,3086990,722282
1999,Schuyler,44,3744189,19117,3,20876,8606,3086990,399078
1999,Seneca,45,10009952,33231,3,22948,15084,3086990,762594
1999,St. Lawrence,40,27813828,112202,3,19795,47776,3086990,2221037
1999,Steuben,46,26944503,98458,4,24310,45527,3086990,2393511
1999,Suffolk,47,668737007,1406161,4,34914,705583,3086990,49094022
1999,Sullivan,48,17169056,73341,3,24329,29766,3086990,1784312
1999,Tioga,49,10702263,51892,3.25,23298,25690,3086990,1208989
1999,Tompkins,50,28292989,96656,4,23181,50685,3086990,2240575
1999,Ulster,51,60281808,176526,3.75,24895,80624,3086990,4394583
1999,Warren,52,28853806,63031,3,25999,30224,3086990,1638753
1999,Washington,53,10179245,61043,3,20651,27486,3086990,1260569
1999,Wayne,54,20850374,93790,3,24513,48177,3086990,2299093
1999,Westchester,55,268855123,918532,2.25,53938,439711,3086990,49544091
1999,Wyoming,56,10558594,43584,4,19701,19392,3086990,858653
1999,Yates,57,4618831,24613,3,19839,13128,3086990,488300
2000,Albany,1,179339104,295106,4,35476,148813,3287537,10469195
2000,Allegany,2,12700957,49819,4,19782,21544,3287537,985509
2000,Broome,3,84696617,200351,4,26164,94155,3287537,5242028
2000,Cattaraugus,4,23707349,83927,4,21868,39002,3287537,1835318
2000,Cayuga,5,20942690,81871,4,23428,38613,3287537,1918056
2000,Chautauqua,6,39947417,139593,3,22020,64986,3287537,3073907
2000,Chemung,7,33077373,91094,3,25155,40695,3287537,2291476
2000,Chenango,8,10349260,51325,3,22269,23390,3287537,1142951
2000,Clinton,9,26173922,79891,3,24022,36568,3287537,1919119
2000,Columbia,10,21719928,63046,4,29560,30259,3287537,1863626
2000,Cortland,11,18346748,48693,4,23241,22983,3287537,1131652
2000,Delaware,12,8084416,47864,2,22634,21142,3287537,1083376
2000,Dutchess,13,94227729,280914,3,32189,133979,3287537,9042405
2000,Erie,14,423797119,949440,4,28626,445939,3287537,27178888
2000,Essex,15,13345301,38911,3,23166,17554,3287537,901398
2000,Franklin,16,10136111,51044,3,20305,20821,3287537,1036466
2000,Fulton,17,9826351,54976,3,24949,24965,3287537,1371578
2000,Genesee,18,20972942,60539,4,25066,31134,3287537,1517472
2000,Greene,19,17024315,47986,4,24719,21469,3287537,1186162
2000,Hamilton,20,1959786,5377,3,24407,2690,3287537,131238
2000,Herkimer,21,17398086,64451,4,22533,30189,3287537,1452261
2000,Jefferson,22,33290366,111790,3,23950,42122,3287537,2677397
2000,Lewis,23,4976467,26989,3,20519,11982,3287537,553791
2000,Livingston,24,14721682,64705,3,23708,31454,3287537,1534019
2000,Madison,25,13917698,69450,3,26167,33518,3287537,1817266
2000,Monroe,26,347954750,738979,4,31835,361843,3287537,23525136
2000,Montgomery,27,12816374,49605,3,24768,22396,3287537,1228604
2000,Nassau,28,761302718,1336713,4.25,48641,651257,3287537,65018605
2000,Niagara,29,58672565,219620,3,25086,104250,3287537,5509371
2000,Onandaga,31,178618999,458034,3,29410,221363,3287537,13470597
2000,Oneida,30,73958970,235146,4,25456,106089,3287537,5985774
2000,Ontario,32,39550675,100106,3,29103,52373,3287537,2913417
2000,Orange,33,113340640,342892,3,28693,155817,3287537,9838760
2000,Orleans,34,10091107,44178,4,21717,19260,3287537,959405
2000,Oswego,35,18048471,122477,3,22297,55621,3287537,2730853
2000,Otsego,36,17889911,61860,3,22438,28322,3287537,1388014
2000,Putnam,37,24132561,96049,3,39560,50498,3287537,3799744
2000,Rensselaer,38,45448669,152684,4,28659,77484,3287537,4375734
2000,Rockland,39,98637445,287720,3,42208,139261,3287537,12143973
2000,Saratoga,41,60964243,201514,3,32626,106435,3287537,6574643
2000,Schenectady,42,55416200,146581,3.5,29950,69694,3287537,4390139
2000,Schohaire,43,7145725,31514,3,24503,14469,3287537,772186
2000,Schuyler,44,3949808,19232,4,22744,8930,3287537,437404
2000,Seneca,45,10006068,33343,3,23933,15659,3287537,797992
2000,St. Lawrence,40,27879115,111864,3,20769,45912,3287537,2323262
2000,Steuben,46,30309670,98764,4,29221,45841,3287537,2885966
2000,Suffolk,47,735188099,1424081,4,37792,706167,3287537,53818240
2000,Sullivan,48,19314883,74134,3,26244,31523,3287537,1945575
2000,Tioga,49,11988991,51838,3.25,24562,25482,3287537,1273230
2000,Tompkins,50,30943570,96608,4,24431,48872,3287537,2360254
2000,Ulster,51,66936232,177810,3.75,26449,84900,3287537,4702827
2000,Warren,52,31478336,63273,3,27762,31763,3287537,1756595
2000,Washington,53,11571594,60977,3,22404,28859,3287537,1366123
2000,Wayne,54,21884374,93791,3,25692,46858,3287537,2409664
2000,Westchester,55,293962692,925511,2.25,57151,445401,3287537,52893524
2000,Wyoming,56,11113353,43399,4,20549,19274,3287537,891807
2000,Yates,57,5120422,24723,3,21144,11605,3287537,522737
2001,Albany,1,195140186,296232,4,35843,149564,3378906,10617808
2001,Allegany,2,14046722,50079,4,20194,21908,3378906,1011318
2001,Broome,3,85980638,200868,4,26606,93925,3378906,5344384
2001,Cattaraugus,4,24867309,83346,4,23183,38959,3378906,1932216
2001,Cayuga,5,23189661,81313,4,24446,38209,3378906,1987778
2001,Chautauqua,6,38690018,138730,3,22524,63824,3378906,3124765
2001,Chemung,7,35713466,90780,3,25289,40274,3378906,2295777
2001,Chenango,8,10362842,51109,3,23194,23411,3378906,1185411
2001,Clinton,9,27749921,80320,3,25546,37042,3378906,2051875
2001,Columbia,10,22780551,62953,4,30235,30034,3378906,1903359
2001,Cortland,11,19027438,48903,4,23058,23498,3378906,1127588
2001,Delaware,12,8804248,47771,2,22626,21267,3378906,1080862
2001,Dutchess,13,102172862,284712,3,33910,135221,3378906,9654580
2001,Erie,14,448253777,946515,4,28952,438786,3378906,27403155
2001,Essex,15,13930145,38893,3,24332,17724,3378906,946344
2001,Franklin,16,10765056,50925,3,21127,20532,3378906,1075900
2001,Fulton,17,12988302,54904,3,25032,25079,3378906,1374355
2001,Genesee,18,24724374,60321,4,25647,30822,3378906,1547059
2001,Greene,19,18295799,47976,4,26768,21474,3378906,1284241
2001,Hamilton,20,2150417,5312,3,26550,2622,3378906,141032
2001,Herkimer,21,18640124,64274,4,23446,29704,3378906,1506986
2001,Jefferson,22,34711558,111422,3,24715,42051,3378906,2753788
2001,Lewis,23,5636960,26951,3,21025,11732,3378906,566657
2001,Livingston,24,15950376,65088,3,23796,31262,3378906,1548864
2001,Madison,25,13978714,69852,3,26594,33397,3378906,1857632
2001,Monroe,26,355191255,739891,4,32733,358170,3378906,24218677
2001,Montgomery,27,14370664,49472,3,26066,22431,3378906,1289516
2001,Nassau,28,808277759,1337086,4.25,50714,646155,3378906,67809006
2001,Niagara,29,60839336,218552,3,25913,102519,3378906,5663293
2001,Onandaga,31,182622213,458576,3,29823,219789,3378906,13676329
2001,Oneida,30,76547181,234247,4,25924,104334,3378906,6072614
2001,Ontario,32,43508122,100819,3,29479,52204,3378906,2972020
2001,Orange,33,128576608,347674,3,29709,157879,3378906,10329174
2001,Orleans,34,10485960,43898,4,22136,18903,3378906,971746
2001,Oswego,35,19029457,122269,3,22675,55246,3378906,2772398
2001,Otsego,36,18263439,61924,3,23458,28876,3378906,1452627
2001,Putnam,37,27833679,97055,3,41203,50839,3378906,3998966
2001,Rensselaer,38,50681794,152700,4,30033,77726,3378906,4586071
2001,Rockland,39,103077630,290613,3,41337,139272,3378906,12013102
2001,Saratoga,41,67359691,203974,3,34007,108414,3378906,6936597
2001,Schenectady,42,61587555,146334,3.5,36916,69850,3378906,5402118
2001,Schohaire,43,7804503,31794,3,25013,14596,3378906,795248
2001,Schuyler,44,5101738,19175,4,22998,8912,3378906,440982
2001,Seneca,45,10757639,34764,3,23114,15795,3378906,803535
2001,St. Lawrence,40,28177576,111497,3,21230,45759,3378906,2367038
2001,Steuben,46,33064914,99216,4,28696,45938,3378906,2847143
2001,Suffolk,47,764250840,1442488,4.25,38507,709002,3378906,55545189
2001,Sullivan,48,20334242,74143,3,26327,31753,3378906,1951996
2001,Tioga,49,12244288,51712,3.25,25535,25380,3378906,1320464
2001,Tompkins,50,32087715,97458,4,25885,49518,3378906,2522659
2001,Ulster,51,72838389,178440,3.75,27771,84850,3378906,4955492
2001,Warren,52,33310067,63406,3,28153,31809,3378906,1785074
2001,Washington,53,12190215,61142,3,22997,28888,3378906,1406100
2001,Wayne,54,23727527,93794,3,26755,46452,3378906,2509472
2001,Westchester,55,323902314,931577,2.25,56958,446213,3378906,53061119
2001,Wyoming,56,11616956,43061,4,21401,19310,3378906,921548
2001,Yates,57,5484769,24725,3,22569,11567,3378906,558027
2002,Albany,1,198816194,298283,4,35011,151536,3459077,10443196
2002,Allegany,2,13632215,50014,4,20601,22192,3459077,1030349
2002,Broome,3,85107378,201438,4,27036,93088,3459077,5446090
2002,Cattaraugus,4,33801853,83301,4,23889,39427,3459077,1989950
2002,Cayuga,5,22582278,81401,4,25005,39259,3459077,2035429
2002,Chautauqua,6,38912840,138346,3,22585,63701,3459077,3124564
2002,Chemung,7,34210986,90613,3,25356,39575,3459077,2297538
2002,Chenango,8,10377221,51205,3,23185,23259,3459077,1187211
2002,Clinton,9,27838093,80707,3,25980,37549,3459077,2096729
2002,Columbia,10,23222368,63182,4,29776,29967,3459077,1881330
2002,Cortland,11,18459121,48891,4,23059,23173,3459077,1127385
2002,Delaware,12,8150612,47666,2,22987,21978,3459077,1095708
2002,Dutchess,13,107801140,287700,3,33415,137292,3459077,9613570
2002,Erie,14,457372703,943551,4,29467,444923,3459077,27803639
2002,Essex,15,14589699,39195,3,24683,17820,3459077,967440
2002,Franklin,16,11015986,50924,3,21653,20924,3459077,1102674
2002,Fulton,17,10636186,54988,3,25436,25584,3459077,1398650
2002,Genesee,18,25387064,60289,4,25556,31361,3459077,1540756
2002,Greene,19,18953373,48177,4,26934,22576,3459077,1297584
2002,Hamilton,20,2259824,5232,3,27273,2769,3459077,142693
2002,Herkimer,21,19399698,63971,4,23831,29755,3459077,1524524
2002,Jefferson,22,33690979,111112,3,25826,42806,3459077,2869607
2002,Lewis,23,5322476,26618,3,23097,11841,3459077,614783
2002,Livingston,24,15484349,65118,3,24295,30974,3459077,1582060
2002,Madison,25,13774556,70261,3,26434,33564,3459077,1857302
2002,Monroe,26,350636878,741391,4,32799,355873,3459077,24316722
2002,Montgomery,27,13890262,49298,3,26916,22647,3459077,1326896
2002,Nassau,28,838763204,1339572,4.25,50905,650420,3459077,68191542
2002,Niagara,29,59862341,218127,3,26471,104185,3459077,5774057
2002,Onandaga,31,184652364,459484,3,30371,220581,3459077,13955160
2002,Oneida,30,77318491,234078,4,25938,105157,3459077,6071537
2002,Ontario,32,44092719,101763,3,29303,52216,3459077,2981925
2002,Orange,33,133599143,352975,3,30197,161741,3459077,10658931
2002,Orleans,34,10523113,43660,4,22646,18683,3459077,988707
2002,Oswego,35,18087089,122496,3,23439,55523,3459077,2871132
2002,Otsego,36,18461617,62093,3,23578,29826,3459077,1464010
2002,Putnam,37,27255652,98263,3,41852,51696,3459077,4112493
2002,Rensselaer,38,49465140,153040,4,29817,78493,3459077,4563219
2002,Rockland,39,101678701,293728,3.625,40985,140806,3459077,12038560
2002,Saratoga,41,70969082,206446,3,33812,110821,3459077,6980289
2002,Schenectady,42,62013900,147199,3.5,38110,70800,3459077,5609684
2002,Schohaire,43,7740890,31785,3,24268,14690,3459077,771367
2002,Schuyler,44,5146428,19179,4,23406,8976,3459077,448908
2002,Seneca,45,10240963,35046,3,23199,16148,3459077,813023
2002,St. Lawrence,40,30205611,111292,3,21557,46562,3459077,2399132
2002,Steuben,46,31850584,99583,4,26416,43780,3459077,2630540
2002,Suffolk,47,797383137,1456745,4.25,38317,718973,3459077,55817846
2002,Sullivan,48,19564773,74452,3,27006,32623,3459077,2010674
2002,Tioga,49,12294216,51992,3.25,24690,25272,3459077,1283666
2002,Tompkins,50,32687301,98227,4,26357,50444,3459077,2588976
2002,Ulster,51,77833483,180128,3.75,27670,86817,3459077,4984172
2002,Warren,52,33055391,63774,3,28830,32083,3459077,1838600
2002,Washington,53,12052642,61152,3,22897,29030,3459077,1400194
2002,Wayne,54,22928320,93735,3,26449,46035,3459077,2479220
2002,Westchester,55,328013646,935219,2.25,56256,450012,3459077,52611895
2002,Wyoming,56,11478060,43007,4,22644,20000,3459077,973850
2002,Yates,57,5675354,24688,3,22455,11975,3459077,554361
2003,Albany,1,204641757,301085,4,36056,151200,3612457,10855954
2003,Allegany,2,13436023,50165,4,21085,21881,3612457,1057749
2003,Broome,3,87730154,201037,4,27186,91138,3612457,5465421
2003,Cattaraugus,4,27106490,83335,4,25023,39725,3612457,2085265
2003,Cayuga,5,24192906,81395,4,26211,39221,3612457,2133481
2003,Chautauqua,6,39084335,137587,3,23434,62909,3612457,3224232
2003,Chemung,7,36220460,90154,4,26122,38550,3612457,2355011
2003,Chenango,8,12262503,51393,4,23776,22820,3612457,1221895
2003,Clinton,9,31350277,81396,3,26955,37484,3612457,2194052
2003,Columbia,10,25143681,63304,4,30477,29975,3612457,1929291
2003,Cortland,11,19457763,49475,4,23874,22951,3612457,1181158
2003,Delaware,12,12093375,47930,3,23960,21909,3612457,1148409
2003,Dutchess,13,111096092,290781,3.75,34306,137820,3612457,9975515
2003,Erie,14,456409027,941846,4,30555,443315,3612457,28777638
2003,Essex,15,15656253,39334,3,25572,17389,3612457,1005841
2003,Franklin,16,11693455,51228,3,22627,20917,3612457,1159142
2003,Fulton,17,11618998,55081,3,26734,25002,3612457,1472559
2003,Genesee,18,26736212,60412,4,26689,31345,3612457,1612348
2003,Greene,19,19434418,48416,4,29268,22519,3612457,1417051
2003,Hamilton,20,2266525,5181,3,28317,2794,3612457,146709
2003,Herkimer,21,21226423,64080,4,24491,29595,3612457,1569408
2003,Jefferson,22,33114007,110246,3,27655,42837,3612457,3048823
2003,Lewis,23,5479316,26692,3,24492,11639,3612457,653730
2003,Livingston,24,16161540,65130,4,25211,30709,3612457,1642009
2003,Madison,25,13633709,71010,3,26601,33550,3612457,1888945
2003,Monroe,26,358847567,741671,4,33155,353621,3612457,24589920
2003,Montgomery,27,15217798,49449,4,28307,22476,3612457,1399774
2003,Nassau,28,785844875,1339761,4.25,51966,649939,3612457,69621485
2003,Niagara,29,59141720,218072,4,27455,104007,3612457,5987094
2003,Onandaga,31,191994786,460961,3,31595,219486,3612457,14563920
2003,Oneida,30,84432787,234243,4,26822,104703,3612457,6282797
2003,Ontario,32,45447641,102625,3,30160,52287,3612457,3095205
2003,Orange,33,147710776,358727,3,31737,164197,3612457,11385076
2003,Orleans,34,10909842,43593,4,23253,18543,3612457,1013648
2003,Oswego,35,18609124,123120,3,24120,55518,3612457,2969654
2003,Otsego,36,20398921,62567,3,24833,29528,3612457,1553703
2003,Putnam,37,32573688,98964,3,42709,52196,3612457,4226694
2003,Rensselaer,38,50997623,154201,4,30447,78326,3612457,4694896
2003,Rockland,39,125895542,296224,3.625,41053,141503,3612457,12160812
2003,Saratoga,41,76639645,209410,3,35056,111699,3612457,7340997
2003,Schenectady,42,66379401,147891,4,38199,70480,3612457,5649261
2003,Schohaire,43,8939660,32032,3,24926,14644,3612457,798422
2003,Schuyler,44,5743300,19151,4,24368,9154,3612457,466668
2003,Seneca,45,11564909,35212,4,24070,16253,3612457,847557
2003,St. Lawrence,40,30530773,111329,3,22580,45857,3612457,2513796
2003,Steuben,46,29601385,99191,4,25493,41653,3612457,2528667
2003,Suffolk,47,904563946,1470849,4.25,38939,724648,3612457,57273260
2003,Sullivan,48,22219832,75447,3.25,28126,32597,3612457,2122041
2003,Tioga,49,12534925,51895,3.25,25039,24842,3612457,1299419
2003,Tompkins,50,34373227,99049,4,27520,51200,3612457,2725867
2003,Ulster,51,83409501,180942,4,28565,87246,3612457,5168543
2003,Warren,52,36559456,64323,3,30006,32729,3612457,1930072
2003,Washington,53,13095175,61621,3,23881,29561,3612457,1471589
2003,Wayne,54,21882769,94001,3,28051,45823,3612457,2636859
2003,Westchester,55,336409147,935799,2.25,58125,450950,3612457,54392915
2003,Wyoming,56,12018176,42955,4,23934,19821,3612457,1028069
2003,Yates,57,5482837,24898,3,22971,12270,3612457,571941
2004,Albany,1,206324561,302173,4,37326,152045,3846605,11278834
2004,Allegany,2,14034063,50311,4,22199,22071,3846605,1116834
2004,Broome,3,91251512,200974,4,28330,91075,3846605,5693593
2004,Cattaraugus,4,28271185,82864,4,26311,39740,3846605,2180262
2004,Cayuga,5,25605812,81284,4,27667,39618,3846605,2248871
2004,Chautauqua,6,42751676,137174,3,24888,63277,3846605,3414046
2004,Chemung,7,44262852,89777,4,27338,38084,3846605,2454329
2004,Chenango,8,15262365,51297,4,25568,22755,3846605,1311581
2004,Clinton,9,31662343,81803,3.75,28115,37477,3846605,2299884
2004,Columbia,10,27224056,63646,4,34007,30529,3846605,2164389
2004,Cortland,11,21350633,49628,4,25012,22585,3846605,1241275
2004,Delaware,12,14072761,48283,4,25253,22111,3846605,1219294
2004,Dutchess,13,133426506,292859,3.75,35568,139197,3846605,10416277
2004,Erie,14,486620763,938333,4,32056,445204,3846605,30079122
2004,Essex,15,15448603,39295,3,27078,17620,3846605,1064029
2004,Franklin,16,11983561,51197,3,23968,20945,3846605,1227070
2004,Fulton,17,11644094,55233,3,27751,25241,3846605,1532795
2004,Genesee,18,26412746,60224,4,27818,31231,3846605,1675313
2004,Greene,19,21144418,48755,4,29518,22074,3846605,1439158
2004,Hamilton,20,2233584,5158,3,29616,2894,3846605,152758
2004,Herkimer,21,21629659,64332,4,25941,29651,3846605,1668818
2004,Jefferson,22,38271757,109924,3,29440,43080,3846605,3236152
2004,Lewis,23,5471044,26661,3.75,26018,11730,3846605,693660
2004,Livingston,24,19559032,65484,4,26565,30848,3846605,1739592
2004,Madison,25,15061537,71397,4,28100,33714,3846605,2006285
2004,Monroe,26,365673122,741075,4,34337,354250,3846605,25446182
2004,Montgomery,27,19019092,49460,4,28929,22770,3846605,1430829
2004,Nassau,28,819808478,1337964,4.25,53910,653640,3846605,72129290
2004,Niagara,29,83488121,217737,4,28248,104703,3846605,6150576
2004,Onandaga,31,196559986,461412,3,32990,219905,3846605,15221921
2004,Oneida,30,87864569,234654,4,28229,104850,3846605,6624159
2004,Ontario,32,47669478,103385,3,31662,52801,3846605,3273371
2004,Orange,33,153254810,362934,3.75,33432,166958,3846605,12133727
2004,Orleans,34,11124498,43682,4,24612,18596,3846605,1075097
2004,Oswego,35,19050305,123340,3,24922,55798,3846605,3073919
2004,Otsego,36,22361585,62934,4,26380,29887,3846605,1660169
2004,Putnam,37,34929131,99468,3,44593,53132,3846605,4435586
2004,Rensselaer,38,55842451,155523,4,31698,79250,3846605,4929781
2004,Rockland,39,149274457,297562,3.625,42831,143168,3846605,12744991
2004,Saratoga,41,79891902,211478,3,37807,113447,3846605,7995420
2004,Schenectady,42,72718601,148900,4,38898,71184,3846605,5791923
2004,Schohaire,43,8848982,32310,4,26052,14777,3846605,841744
2004,Schuyler,44,6844579,19034,4,26065,9217,3846605,496129
2004,Seneca,45,14776731,35312,4,25852,16323,3846605,912877
2004,St. Lawrence,40,31971093,111468,3,23588,45626,3846605,2629340
2004,Steuben,46,33466191,98983,4,26526,41300,3846605,2625607
2004,Suffolk,47,1003148833,1478215,4.25,41169,733115,3846605,60856292
2004,Sullivan,48,25682194,76265,3.25,29593,33073,3846605,2256906
2004,Tioga,49,13257120,51631,4,27199,24779,3846605,1404326
2004,Tompkins,50,36860499,99531,4,28965,51837,3846605,2882921
2004,Ulster,51,90372365,181847,4,30177,86945,3846605,5487531
2004,Warren,52,36944850,64576,3,31990,33286,3846605,2065805
2004,Washington,53,13302045,62278,3,25471,30299,3846605,1586284
2004,Wayne,54,23901992,93860,4,28812,45843,3846605,2704337
2004,Westchester,55,344048304,935457,3,63490,456741,3846605,59392298
2004,Wyoming,56,12082030,42852,4,25533,19691,3846605,1094153
2004,Yates,57,6100449,25008,4,25180,12464,3846605,629706
2005,Albany,1,211357427,302791,4,38225,153040,4085746,11574145
2005,Allegany,2,13784203,49768,4.5,23004,22163,4085746,1144841
2005,Broome,3,99542311,200477,4,28727,91585,4085746,5759095
2005,Cattaraugus,4,29055002,82039,4,26604,39858,4085746,2182534
2005,Cayuga,5,26856947,81104,4,27381,39835,4085746,2220739
2005,Chautauqua,6,43722085,136139,4.25,25666,63929,4085746,3494181
2005,Chemung,7,46798986,88860,4,28896,38438,4085746,2567707
2005,Chenango,8,15841577,51154,4,26115,23092,4085746,1335883
2005,Clinton,9,37152045,82233,3.75,28686,37915,4085746,2358909
2005,Columbia,10,28893247,63717,4,34511,30771,4085746,2198922
2005,Cortland,11,22043590,49330,4,25373,22643,4085746,1251636
2005,Delaware,12,18538926,48377,4,25971,22491,4085746,1256416
2005,Dutchess,13,149140685,294362,3.75,37410,141260,4085746,11012212
2005,Erie,14,480087345,931745,4,32718,447793,4085746,30484541
2005,Essex,15,18191981,39321,3.75,27769,17739,4085746,1091924
2005,Franklin,16,12518842,51257,3,24635,21231,4085746,1262734
2005,Fulton,17,12149333,55301,3,27737,25471,4085746,1533884
2005,Genesee,18,28269530,60068,4,28858,31514,4085746,1733446
2005,Greene,19,22783017,49142,4,29774,22608,4085746,1463162
2005,Hamilton,20,2467852,5093,3,31304,2995,4085746,159429
2005,Herkimer,21,21950836,64292,4,26902,30005,4085746,1729596
2005,Jefferson,22,45414288,113486,3.75,31214,44219,4085746,3542360
2005,Lewis,23,6589913,26773,3.75,26960,11971,4085746,721793
2005,Livingston,24,22083135,65322,4,27166,31242,4085746,1774566
2005,Madison,25,18522982,71471,4,28683,34253,4085746,2050027
2005,Monroe,26,375061604,738506,4,35202,359288,4085746,25996684
2005,Montgomery,27,20741680,49505,4,29664,23372,4085746,1468499
2005,Nassau,28,944591591,1332318,4.25,57566,661861,4085746,76696673
2005,Niagara,29,85559092,216818,4,29457,105517,4085746,6386809
2005,Onandaga,31,229274074,460910,4,34216,223200,4085746,15770661
2005,Oneida,30,88558544,234282,5.25,29127,105942,4085746,6823869
2005,Ontario,32,50131350,104259,3,33132,54274,4085746,3454333
2005,Orange,33,188432789,364522,3.75,34995,170098,4085746,12756426
2005,Orleans,34,11314768,43475,4,25728,18838,4085746,1118504
2005,Oswego,35,23339947,122640,4,25664,56509,4085746,3147441
2005,Otsego,36,29489797,63069,4,27157,30507,4085746,1712779
2005,Putnam,37,36881153,99575,3,45742,53984,4085746,4554768
2005,Rensselaer,38,58016855,156104,4,32314,80311,4085746,5044292
2005,Rockland,39,149002922,298737,3.625,43438,145210,4085746,12976469
2005,Saratoga,41,85770625,212975,3,40891,115603,4085746,8708686
2005,Schenectady,42,76218356,150200,4,39134,72261,4085746,5877940
2005,Schohaire,43,11371875,32534,4,27303,15056,4085746,888291
2005,Schuyler,44,7652876,18880,4,26369,9342,4085746,497842
2005,Seneca,45,15199449,35177,4,25708,16532,4085746,904328
2005,St. Lawrence,40,33181720,111606,3,24072,46189,4085746,2686532
2005,Steuben,46,34233398,98868,4,28176,42072,4085746,2785703
2005,Suffolk,47,1088306092,1477687,4.25,43250,745077,4085746,63910581
2005,Sullivan,48,30147600,76780,3.25,30326,33456,4085746,2328399
2005,Tioga,49,15761620,51611,4,28397,25069,4085746,1465582
2005,Tompkins,50,39278006,99433,4,29288,52653,4085746,2912233
2005,Ulster,51,91441546,182438,4,31476,87828,4085746,5742415
2005,Warren,52,40128632,65206,3,33142,33852,4085746,2161025
2005,Washington,53,14481800,62468,3,25950,30708,4085746,1621041
2005,Wayne,54,30685104,93727,4,28809,46588,4085746,2700194
2005,Westchester,55,409221175,933401,3,68509,463188,4085746,63946071
2005,Wyoming,56,12940786,42780,4,26728,20307,4085746,1143436
2005,Yates,57,7938408,25129,4,26394,12436,4085746,663255
2006,Albany,1,220176011,303997,4,39751,153385,4294359,12084180
2006,Allegany,2,16117359,49359,4.5,23647,22306,4294359,1167195
2006,Broome,3,103068826,200905,4,30234,92545,4294359,6074087
2006,Cattaraugus,4,29876772,81342,4,27286,39788,4294359,2219520
2006,Cayuga,5,28345695,80892,4,27452,39566,4294359,2220665
2006,Chautauqua,6,62458354,135640,4,26673,64126,4294359,3617930
2006,Chemung,7,47644519,88732,4,29996,38879,4294359,2661581
2006,Chenango,8,16951533,51391,4,26570,23514,4294359,1365452
2006,Clinton,9,39976299,82547,3.75,29655,37932,4294359,2447950
2006,Columbia,10,31062563,63427,4,36035,31135,4294359,2285595
2006,Cortland,11,22144364,49449,4,26160,22524,4294359,1293568
2006,Delaware,12,19585864,48271,4,26554,22509,4294359,1281767
2006,Dutchess,13,156104179,294712,3.75,39440,141973,4294359,11623338
2006,Erie,14,525288038,925564,4.75,34420,448117,4294359,31858047
2006,Essex,15,20939488,39490,3.75,28818,17703,4294359,1138007
2006,Franklin,16,12866165,51511,4,26033,21424,4294359,1340988
2006,Fulton,17,12849969,55328,4,28535,25995,4294359,1578763
2006,Genesee,18,30113445,59919,4,29879,31613,4294359,1790338
2006,Greene,19,25788545,49513,4,30112,22967,4294359,1490945
2006,Hamilton,20,2474125,4987,3,32717,2964,4294359,163159
2006,Herkimer,21,23308520,64029,4,27392,29856,4294359,1753893
2006,Jefferson,22,57273334,113650,3.75,34050,45771,4294359,3869803
2006,Lewis,23,8240403,27001,3.75,28178,12338,4294359,760845
2006,Livingston,24,23748716,65357,4,27455,31306,4294359,1794401
2006,Madison,25,21912305,72042,4,29114,34444,4294359,2097448
2006,Monroe,26,389800637,738329,4,36627,358950,4294359,27042630
2006,Montgomery,27,22587623,49724,4,30538,23542,4294359,1518470
2006,Nassau,28,962068841,1324905,4.25,60935,670604,4294359,80732574
2006,Niagara,29,87478903,216148,4,31135,106228,4294359,6729701
2006,Onandaga,31,278124677,460925,4,35965,224259,4294359,16576963
2006,Oneida,30,127115257,234229,5.25,30638,106093,4294359,7176351
2006,Ontario,32,52018753,104644,3,34889,54357,4294359,3650946
2006,Orange,33,216573184,366908,3.75,36524,172387,4294359,13400912
2006,Orleans,34,11681019,43420,4,25770,18811,4294359,1118952
2006,Oswego,35,27457314,122354,4,26728,56799,4294359,3270316
2006,Otsego,36,31841420,63032,4,28465,30585,4294359,1794179
2006,Putnam,37,39390197,99357,3.5,48305,54225,4294359,4799418
2006,Rensselaer,38,63394007,157312,4,33695,80475,4294359,5300679
2006,Rockland,39,156826182,299390,3.625,45754,146739,4294359,13698283
2006,Saratoga,41,90604340,214627,3,43834,116140,4294359,9408023
2006,Schenectady,42,78464014,151768,4,40501,73050,4294359,6146693
2006,Schohaire,43,12925862,32661,4,27637,15045,4294359,902665
2006,Schuyler,44,7858149,18752,4,26429,9470,4294359,495598
2006,Seneca,45,17407570,35223,4,26968,16563,4294359,949898
2006,St. Lawrence,40,35557883,111556,3,25043,46793,4294359,2793678
2006,Steuben,46,37752491,98473,4,31678,42367,4294359,3119448
2006,Suffolk,47,1132189698,1475626,4.25,46659,756494,4294359,68851819
2006,Sullivan,48,32109288,77231,3.25,30237,33611,4294359,2335200
2006,Tioga,49,16548231,51536,4,31185,25325,4294359,1607160
2006,Tompkins,50,40486886,99651,4,30495,53506,4294359,3038880
2006,Ulster,51,95837660,182845,4,33971,88744,4294359,6211365
2006,Warren,52,41681800,65554,3,34358,34876,4294359,2252278
2006,Washington,53,15194504,62771,3,26334,31550,4294359,1653005
2006,Wayne,54,32915881,93595,4,29938,46348,4294359,2802081
2006,Westchester,55,436092578,931426,3,75123,469034,4294359,69971353
2006,Wyoming,56,13918776,42673,4,27125,20767,4294359,1157509
2006,Yates,57,8235302,25025,4,26555,12509,4294359,664551
2007,Albany,1,228736473,303858,4,41205,152567,4439733,12520598
2007,Allegany,2,16877595,49079,4.5,24589,22129,4439733,1206788
2007,Broome,3,102965912,200877,4,32144,92549,4439733,6457003
2007,Cattaraugus,4,31223743,81056,4,28594,39164,4439733,2317752
2007,Cayuga,5,29056739,80629,4,29473,39312,4439733,2376373
2007,Chautauqua,6,60691940,135481,4,27934,63790,4439733,3784520
2007,Chemung,7,49437514,88634,4,31599,39080,4439733,2800736
2007,Chenango,8,17715164,51463,4,27621,23200,4439733,1421481
2007,Clinton,9,41837831,82556,3.75,31608,37556,4439733,2609428
2007,Columbia,10,31324154,63430,4,37928,30530,4439733,2405767
2007,Cortland,11,22520205,49624,4,27806,22508,4439733,1379844
2007,Delaware,12,20585821,48450,4,27439,22128,4439733,1329426
2007,Dutchess,13,147226603,295319,3.75,41198,139838,4439733,12166455
2007,Erie,14,610998734,921887,4.75,36283,443492,4439733,33448641
2007,Essex,15,22974876,39373,3.75,30355,17506,4439733,1195160
2007,Franklin,16,17281749,51782,4,27345,21379,4439733,1415998
2007,Fulton,17,17534112,55489,4,29786,25875,4439733,1652818
2007,Genesee,18,30892892,59930,4,31794,31375,4439733,1905437
2007,Greene,19,26440099,49537,4,30634,22978,4439733,1517523
2007,Hamilton,20,2685182,4969,3,34591,3057,4439733,171881
2007,Herkimer,21,23499706,64343,4,28311,29456,4439733,1821626
2007,Jefferson,22,61023707,115059,3.75,35375,45510,4439733,4070243
2007,Lewis,23,9373327,27086,3.75,30579,11809,4439733,828264
2007,Livingston,24,24546767,65460,4,29063,30671,4439733,1902486
2007,Madison,25,21147599,72709,4,30457,34286,4439733,2214471
2007,Monroe,26,381790560,739249,4,38264,356559,4439733,28286722
2007,Montgomery,27,24700881,49798,4,31895,23045,4439733,1588300
2007,Nassau,28,997790791,1322048,4.25,64533,669351,4439733,85315842
2007,Niagara,29,90827971,215791,4,32650,105428,4439733,7045512
2007,Onandaga,31,284805773,461287,4,38131,223044,4439733,17589456
2007,Oneida,30,124793960,234488,5,32454,105220,4439733,7610061
2007,Ontario,32,58918412,105216,3.125,36839,53872,4439733,3876045
2007,Orange,33,219985900,368464,3.75,38495,171540,4439733,14184082
2007,Orleans,34,12478275,43342,4,26777,18349,4439733,1160584
2007,Oswego,35,29264782,122213,4,28073,56086,4439733,3430935
2007,Otsego,36,33219847,62914,4,28877,30194,4439733,1816739
2007,Putnam,37,42696914,99454,3.5,50461,53787,4439733,5018528
2007,Rensselaer,38,61575534,158243,4,35489,79590,4439733,5615870
2007,Rockland,39,156500688,301668,4,48445,147944,4439733,14614168
2007,Saratoga,41,91364383,215798,3,46030,115047,4439733,9933080
2007,Schenectady,42,69281729,152275,4,42256,72418,4439733,6434584
2007,Schohaire,43,13700426,32894,4,28510,14816,4439733,937807
2007,Schuyler,44,8257397,18707,4,28219,9468,4439733,527901
2007,Seneca,45,18426766,35469,4,28125,16237,4439733,997566
2007,St. Lawrence,40,38434092,111586,3,26468,46476,4439733,2953412
2007,Steuben,46,37853717,98541,4,32171,42386,4439733,3170120
2007,Suffolk,47,1142721425,1475255,4.25,49859,757541,4439733,73554593
2007,Sullivan,48,32439912,77991,4,30810,33391,4439733,2402935
2007,Tioga,49,18369468,51565,4,32745,24952,4439733,1688474
2007,Tompkins,50,40379002,99910,4,32020,53485,4439733,3199139
2007,Ulster,51,98134534,182818,4,35452,86555,4439733,6481227
2007,Warren,52,44804009,65740,3,35077,34706,4439733,2305949
2007,Washington,53,15456612,63054,3,27531,31060,4439733,1735970
2007,Wayne,54,31958873,93539,4,31799,45317,4439733,2974434
2007,Westchester,55,443850963,933414,3,80772,471440,4439733,75393667
2007,Wyoming,56,13595969,42515,4,28528,20375,4439733,1212885
2007,Yates,57,8727431,25234,4,27485,12508,4439733,693562
2008,Albany,1,230847700,303739,4,43710,152756,4391778,13276333
2008,Allegany,2,17773798,49177,4.5,27644,22578,4391778,1359463
2008,Broome,3,107944603,201029,4,34119,92690,4391778,6858829
2008,Cattaraugus,4,31937883,80761,4,30806,39222,4391778,2487925
2008,Cayuga,5,30239507,80482,4,31010,39482,4391778,2495733
2008,Chautauqua,6,57445843,135229,3.75,30087,63591,4391778,4068694
2008,Chemung,7,51615624,88503,4,34144,39147,4391778,3021848
2008,Chenango,8,18985323,51326,4,29475,23104,4391778,1512848
2008,Clinton,9,44971859,82401,3.75,33035,37370,4391778,2722092
2008,Columbia,10,29589517,63253,4,40226,30342,4391778,2544444
2008,Cortland,11,24228046,49537,4,29740,22623,4391778,1473231
2008,Delaware,12,20944415,48363,4,28967,21549,4391778,1400926
2008,Dutchess,13,153827390,296267,3.75,42836,139178,4391778,12690756
2008,Erie,14,646488275,920571,4.75,37319,446521,4391778,34354404
2008,Essex,15,23041104,39435,3.75,33091,17375,4391778,1304952
2008,Franklin,16,19336414,51907,4,29534,21464,4391778,1533044
2008,Fulton,17,18072672,55584,4,31708,25807,4391778,1762438
2008,Genesee,18,31594887,59895,4,33674,31658,4391778,2016923
2008,Greene,19,27437222,49467,4,32307,22938,4391778,1598109
2008,Hamilton,20,2680941,4893,3,37792,2887,4391778,184916
2008,Herkimer,21,25645859,64404,4.25,30215,29399,4391778,1945962
2008,Jefferson,22,62438463,115033,3.75,37764,45913,4391778,4344057
2008,Lewis,23,9411018,26878,3.75,33436,11795,4391778,898694
2008,Livingston,24,25233421,65637,4,30742,30594,4391778,2017821
2008,Madison,25,22565056,73075,4,32582,34410,4391778,2380938
2008,Monroe,26,404844915,741018,4,40231,357407,4391778,29811598
2008,Montgomery,27,24215212,49951,4,32978,23065,4391778,1647289
2008,Nassau,28,1011932745,1325129,4.25,65435,667509,4391778,86709986
2008,Niagara,29,95287760,215793,4,32707,106367,4391778,7057925
2008,Onandaga,31,288453596,463472,4,38150,223381,4391778,17681376
2008,Oneida,30,119977885,234482,4.75,34579,105296,4391778,8108052
2008,Ontario,32,65534926,106302,3.125,38957,54042,4391778,4141161
2008,Orange,33,222163593,370201,3.75,40591,171776,4391778,15026794
2008,Orleans,34,13955080,43254,4,28594,18214,4391778,1236821
2008,Oswego,35,33750424,122366,4,29939,56314,4391778,3663476
2008,Otsego,36,34385774,62561,4,31590,29900,4391778,1976314
2008,Putnam,37,46563522,99537,4,51557,53581,4391778,5131857
2008,Rensselaer,38,64240713,159011,4,37784,79974,4391778,6008027
2008,Rockland,39,172854412,305413,4,50260,148768,4391778,15349913
2008,Saratoga,41,95153247,217282,3,47474,116361,4391778,10315290
2008,Schenectady,42,80670605,153360,4,43561,73087,4391778,6680492
2008,Schohaire,43,13496086,32890,4,29863,14822,4391778,982186
2008,Schuyler,44,8067031,18644,4,30367,9568,4391778,566171
2008,Seneca,45,19360905,35370,4,29529,16237,4391778,1044455
2008,St. Lawrence,40,38586551,111684,3,28247,46719,4391778,3154709
2008,Steuben,46,39834906,98726,4,33573,43132,4391778,3314542
2008,Suffolk,47,1179092362,1480218,4.25,51054,759899,4391778,75571234
2008,Sullivan,48,35201649,77755,4,32810,33339,4391778,2551137
2008,Tioga,49,17983318,51498,4,34438,24973,4391778,1773478
2008,Tompkins,50,42918509,100383,4,34337,53896,4391778,3446862
2008,Ulster,51,97588569,183174,4,37553,85770,4391778,6878648
2008,Warren,52,45351043,65848,3,38444,34624,4391778,2531476
2008,Washington,53,16741382,63252,3,29581,31099,4391778,1871076
2008,Wayne,54,35409126,93739,4,33495,45369,4391778,3139760
2008,Westchester,55,462874724,937449,3,80362,472088,4391778,75335303
2008,Wyoming,56,14268284,42281,4,30296,20062,4391778,1280927
2008,Yates,57,9168354,25352,4,29417,12594,4391778,745788
2009,Albany,1,235613800,304733,4,44532,148183,4064965,13570334
2009,Allegany,2,17561843,48969,4.5,27709,21816,4064965,1356875
2009,Broome,3,111250713,200935,4,34594,89553,4064965,6951112
2009,Cattaraugus,4,32888470,80491,4,31862,38079,4064965,2564583
2009,Cayuga,5,30372341,80172,4,31196,38157,4064965,2501044
2009,Chautauqua,6,51637077,135197,3.75,30073,60467,4064965,4065795
2009,Chemung,7,53701848,88849,4,33720,37364,4064965,2995951
2009,Chenango,8,18266809,50639,4,29925,22231,4064965,1515390
2009,Clinton,9,47995834,82280,3.75,33949,36084,4064965,2793319
2009,Columbia,10,31031407,63023,4,40475,29121,4064965,2550852
2009,Cortland,11,23783934,49358,4,30623,22088,4064965,1511502
2009,Delaware,12,19748769,48182,4,29522,20363,4064965,1422413
2009,Dutchess,13,150149806,296887,3.75,41224,133744,4064965,12238834
2009,Erie,14,651638463,919334,4.75,38106,432512,4064965,35031938
2009,Essex,15,24141071,39478,3.75,33600,16672,4064965,1326453
2009,Franklin,16,19982773,51706,4,30462,21074,4064965,1575048
2009,Fulton,17,17570972,55558,4,32659,24629,4064965,1814492
2009,Genesee,18,34477343,59932,4,33690,30576,4064965,2019107
2009,Greene,19,27412186,49372,4,32945,22076,4064965,1626559
2009,Hamilton,20,2487422,4858,3,39962,2790,4064965,194133
2009,Herkimer,21,26550465,64381,4.25,31610,28694,4064965,2035107
2009,Jefferson,22,62500621,115023,3.75,39507,45141,4064965,4544271
2009,Lewis,23,9463684,27047,3.75,34038,11636,4064965,920632
2009,Livingston,24,26025517,65420,4,31196,29442,4064965,2040867
2009,Madison,25,21816010,73169,4,32778,33175,4064965,2398345
2009,Monroe,26,407272739,743386,4,40387,345928,4064965,30023274
2009,Montgomery,27,25542283,50001,4,33636,22118,4064965,1681837
2009,Nassau,28,994203862,1332088,4.25,62610,645100,4064965,83402464
2009,Niagara,29,96408968,216043,4,34166,103142,4064965,7381248
2009,Onandaga,31,290674145,465633,4,39526,215790,4064965,18404456
2009,Oneida,30,113841043,234619,4.75,35135,102470,4064965,8243367
2009,Ontario,32,66168231,107214,3.125,38310,52826,4064965,4107402
2009,Orange,33,221663276,372079,3.75,39244,166368,4064965,14601882
2009,Orleans,34,13946129,42975,4,29039,17571,4064965,1247930
2009,Oswego,35,35297046,122055,4,30615,54139,4064965,3736674
2009,Otsego,36,33301457,62280,4,31711,29261,4064965,1974979
2009,Putnam,37,51274303,99666,4,49390,51328,4064965,4922538
2009,Rensselaer,38,68597327,159150,4,38335,77680,4064965,6101002
2009,Rockland,39,169227339,308652,4,48049,143259,4064965,14830286
2009,Saratoga,41,95849142,218652,3,47138,114315,4064965,10306722
2009,Schenectady,42,85549656,154050,4,42714,71210,4064965,6580049
2009,Schohaire,43,13446599,32776,4,30316,14198,4064965,993646
2009,Schuyler,44,8331769,18398,4,31176,9215,4064965,573568
2009,Seneca,45,18659658,35286,4,29886,15903,4064965,1054541
2009,St. Lawrence,40,40724696,112169,3,28572,44882,4064965,3204944
2009,Steuben,46,42053746,98949,4,33140,41573,4064965,3279152
2009,Suffolk,47,1152873124,1487206,4.25,49198,734271,4064965,73168302
2009,Sullivan,48,36198059,77647,4,33666,32309,4064965,2614036
2009,Tioga,49,18463440,51236,4,34885,24124,4064965,1787349
2009,Tompkins,50,43982428,101497,4,34436,53344,4064965,3495168
2009,Ulster,51,97594686,182638,4,37026,83014,4064965,6762290
2009,Warren,52,45481820,65694,3,39347,33557,4064965,2584891
2009,Washington,53,17656751,63077,3,30467,30092,4064965,1921739
2009,Wayne,54,36087038,93643,4,33931,43725,4064965,3177406
2009,Westchester,55,460541501,944201,3,75491,453096,4064965,71278670
2009,Wyoming,56,15191382,42236,4,29630,19147,4064965,1251450
2009,Yates,57,9262416,25303,4,29721,12341,4064965,752036
2010,Albany,1,219099480,304069,4,46596,150264,4285782,14168487
2010,Allegany,2,17411910,48951,4.5,28672,22022,4285782,1403515
2010,Broome,3,103530576,200382,4,35372,89316,4285782,7087933
2010,Cattaraugus,4,32644408,80260,4,33125,35881,4285782,2658623
2010,Cayuga,5,29945026,79858,4,32489,36480,4285782,2594473
2010,Chautauqua,6,52536211,134750,3.75,31133,58262,4285782,4195205
2010,Chemung,7,50979559,88969,4,35020,38105,4285782,3115700
2010,Chenango,8,17183626,50344,4,31181,21509,4285782,1569761
2010,Clinton,9,45447012,82068,3.75,35196,35809,4285782,2888460
2010,Columbia,10,29440493,63020,4,41666,29789,4285782,2625787
2010,Cortland,11,22879525,49265,4,31679,22304,4285782,1560679
2010,Delaware,12,17788365,47886,4,30329,20465,4285782,1452352
2010,Dutchess,13,139634615,297745,3.75,41793,137679,4285782,12443775
2010,Erie,14,637921295,919077,4.75,39575,426962,4285782,36372087
2010,Essex,15,21726520,39290,3.75,34684,17021,4285782,1362728
2010,Franklin,16,18513471,51628,4,31793,20249,4285782,1641422
2010,Fulton,17,16705111,55468,4,33723,23337,4285782,1870548
2010,Genesee,18,32060711,60029,4,34719,29189,4285782,2084167
2010,Greene,19,24851225,49118,4,34674,20097,4285782,1703095
2010,Hamilton,20,2463170,4834,3,41047,2256,4285782,198421
2010,Herkimer,21,25611493,64444,4.25,32656,28841,4285782,2104482
2010,Jefferson,22,60803610,116570,3.75,41359,45638,4285782,4821231
2010,Lewis,23,8957843,27062,3.75,35654,11592,4285782,964882
2010,Livingston,24,24015767,65241,4,32753,30104,4285782,2136840
2010,Madison,25,20889696,73433,4,33598,32631,4285782,2467199
2010,Monroe,26,385835271,744874,4,41534,347846,4285782,30937578
2010,Montgomery,27,23073608,50284,4,34760,21507,4285782,1747875
2010,Nassau,28,960565094,1341882,4.25,64787,642118,4285782,86936997
2010,Niagara,29,96854682,216489,4,35020,97467,4285782,7581435
2010,Onandaga,31,279342791,467464,4,39986,217970,4285782,18692092
2010,Oneida,30,116139069,234837,4.75,35984,103684,4285782,8450470
2010,Ontario,32,65402120,108219,3.5,39421,52176,4285782,4266109
2010,Orange,33,213450139,373428,3.75,39674,166830,4285782,14815399
2010,Orleans,34,13487796,42847,4,30370,17314,4285782,1301270
2010,Oswego,35,35470612,122132,4,31857,52618,4285782,3890783
2010,Otsego,36,31307877,62203,4,32792,29469,4285782,2039780
2010,Putnam,37,45327118,99795,4,50199,48807,4285782,5009577
2010,Rensselaer,38,65550814,159372,4,38993,78045,4285782,6214323
2010,Rockland,39,163443221,312484,4,48140,138804,4285782,15042941
2010,Saratoga,41,88709096,220088,3,49140,109910,4285782,10815098
2010,Schenectady,42,80929651,154896,4,42825,72974,4285782,6633373
2010,Schohaire,43,12323216,32687,4,30732,14504,4285782,1004522
2010,Schuyler,44,8795487,18310,4,32869,8220,4285782,601836
2010,Seneca,45,20753624,35245,4,31004,15078,4285782,1092746
2010,St. Lawrence,40,37504822,111822,3,29722,44802,4285782,3323590
2010,Steuben,46,38681413,98991,4,35423,42780,4285782,3506577
2010,Suffolk,47,1070285993,1494878,4.25,50278,717598,4285782,75159979
2010,Sullivan,48,33030863,77433,4,34642,33226,4285782,2682431
2010,Tioga,49,18675933,51074,4,35369,24448,4285782,1806443
2010,Tompkins,50,41895525,101774,4,35019,51397,4285782,3564017
2010,Ulster,51,90803893,182421,4,37897,86310,4285782,6913261
2010,Warren,52,42014581,65684,3,40988,31082,4285782,2692239
2010,Washington,53,16202956,63292,3,31214,27741,4285782,1975600
2010,Wayne,54,34875738,93755,4,35009,43227,4285782,3282238
2010,Westchester,55,412605722,950636,3,75775,443476,4285782,72034357
2010,Wyoming,56,13996489,42088,4,31772,17616,4285782,1337224
2010,Yates,57,8946549,25349,4,31265,11327,4285782,792539
2011,Albany,1,222719408,305010,4,48398,147330,4597569,14761737
2011,Allegany,2,17876632,48825,4.5,29647,21545,4597569,1447510
2011,Broome,3,105767308,199379,4,36383,86579,4597569,7254021
2011,Cattaraugus,4,33873552,79851,4,33338,34943,4597569,2662066
2011,Cayuga,5,30403581,79831,4,34275,35899,4597569,2736238
2011,Chautauqua,6,53510309,134264,3.5,32549,56616,4597569,4370224
2011,Chemung,7,58475911,88997,4,36565,37606,4597569,3254182
2011,Chenango,8,18097620,50219,4,32780,21760,4597569,1646179
2011,Clinton,9,47003531,81851,3.75,35455,34729,4597569,2902052
2011,Columbia,10,30417887,62640,4,43510,29216,4597569,2725480
2011,Cortland,11,24560525,49527,4,32702,22284,4597569,1619613
2011,Delaware,12,18259069,47658,4,31515,19833,4597569,1501940
2011,Dutchess,13,154211771,298274,3.75,43475,135325,4597569,12967389
2011,Erie,14,650827957,919924,4.75,41314,422123,4597569,38005857
2011,Essex,15,23174991,39479,3.75,35601,16546,4597569,1405489
2011,Franklin,16,19608416,51572,4,32826,19744,4597569,1692898
2011,Fulton,17,17199964,55273,4,34523,22854,4597569,1908195
2011,Genesee,18,33147256,60004,4,36007,28516,4597569,2160545
2011,Greene,19,25243520,48992,4,36211,19552,4597569,1774033
2011,Hamilton,20,2429762,4831,3,42474,2201,4597569,205193
2011,Herkimer,21,27197877,64623,4.25,33873,28048,4597569,2188993
2011,Jefferson,22,66807808,118172,3.75,42641,44154,4597569,5039013
2011,Lewis,23,9685545,27085,3.75,39133,11197,4597569,1059910
2011,Livingston,24,26354173,64890,4,34508,29560,4597569,2239254
2011,Madison,25,22420073,72974,4,35176,31896,4597569,2566905
2011,Monroe,26,407451631,747615,4,43374,345099,4597569,32427418
2011,Montgomery,27,24617448,49924,4,35621,21034,4597569,1778339
2011,Nassau,28,1003863159,1347270,4.25,67581,636681,4597569,91049721
2011,Niagara,29,101449188,215669,4,36799,95951,4597569,7936431
2011,Onandaga,31,294655936,467824,4,41508,214674,4597569,19418501
2011,Oneida,30,121472461,234267,4.75,36889,100271,4597569,8641957
2011,Ontario,32,68877628,108759,3.5,41463,51805,4597569,4509462
2011,Orange,33,225086147,374293,3.75,41462,165070,4597569,15519018
2011,Orleans,34,12952634,42703,4,31531,17075,4597569,1346455
2011,Oswego,35,37641708,122021,4,32592,51752,4597569,3976966
2011,Otsego,36,32112724,61985,4,33986,28950,4597569,2106611
2011,Putnam,37,47706158,99907,4,52527,47980,4597569,5247819
2011,Rensselaer,38,67929793,159731,4,39875,76480,4597569,6369260
2011,Rockland,39,164865930,315807,4,49729,138245,4597569,15704681
2011,Saratoga,41,95755331,221165,3,51548,107973,4597569,11400713
2011,Schenectady,42,82391654,154658,4,43241,71293,4597569,6687601
2011,Schohaire,43,13528866,32658,4,31649,14163,4597569,1033593
2011,Schuyler,44,8243398,18496,4,34190,8212,4597569,632370
2011,Seneca,45,20945405,35359,4,32066,14829,4597569,1133823
2011,St. Lawrence,40,39375898,112477,3,30670,43824,4597569,3449614
2011,Steuben,46,41736447,99286,4,36338,41919,4597569,3607806
2011,Suffolk,47,1132547997,1500649,4.25,52217,711930,4597569,78359941
2011,Sullivan,48,32533554,77116,4,35753,32335,4597569,2757112
2011,Tioga,49,16531887,51022,4,36565,23832,4597569,1865623
2011,Tompkins,50,43772263,102120,4,36604,50910,4597569,3738020
2011,Ulster,51,97138995,182676,4,39281,84123,4597569,7175677
2011,Warren,52,43056934,65693,3,42421,30619,4597569,2786748
2011,Washington,53,15986557,63083,3,32929,27318,4597569,2077245
2011,Wayne,54,35785612,93267,4,36492,42533,4597569,3403460
2011,Westchester,55,444671929,957270,3,79416,440021,4597569,76022402
2011,Wyoming,56,14207133,41900,4,33958,17232,4597569,1422853
2011,Yates,57,9219521,25387,4,32762,11181,4597569,831723
2012,Albany,1,230109161,306419,4,50456,149115,4826390,15460595
2012,Allegany,2,19006106,48258,4.5,31023,21676,4826390,1497090
2012,Broome,3,120170740,198779,4,37569,85752,4826390,7467888
2012,Cattaraugus,4,33034244,79383,4,34416,34699,4826390,2732060
2012,Cayuga,5,32507229,79653,4,35928,35849,4826390,2861752
2012,Chautauqua,6,52678057,133424,3.5,33383,56001,4826390,4454120
2012,Chemung,7,60990377,89277,4,37195,37106,4826390,3320659
2012,Chenango,8,19990237,49872,4,34638,22023,4826390,1727453
2012,Clinton,9,49968003,81863,3.75,36615,34391,4826390,2997424
2012,Columbia,10,31975541,62551,4,45600,29422,4826390,2852301
2012,Cortland,11,26734552,49187,4,34262,22343,4826390,1685228
2012,Delaware,12,19586827,47322,4,32880,19683,4826390,1555936
2012,Dutchess,13,162979791,297270,3.75,45589,134857,4826390,13552184
2012,Erie,14,681308582,920431,4.75,43166,422992,4826390,39731519
2012,Essex,15,24262962,39119,3.75,37923,16421,4826390,1483495
2012,Franklin,16,20292244,51787,4,33946,19692,4826390,1757941
2012,Fulton,17,17384999,55045,4,35220,22573,4826390,1938668
2012,Genesee,18,35174838,59865,4,36970,28415,4826390,2213230
2012,Greene,19,26810917,48672,4,37932,19387,4826390,1846221
2012,Hamilton,20,2550279,4793,3,44095,2185,4826390,211348
2012,Herkimer,21,27625941,64552,4.25,35044,27834,4826390,2262148
2012,Jefferson,22,69061634,120772,3.75,42085,43605,4826390,5082740
2012,Lewis,23,9836885,27254,3.75,38319,11032,4826390,1044344
2012,Livingston,24,28135806,64869,4,35753,29597,4826390,2319272
2012,Madison,25,23341700,72496,4,36529,31644,4826390,2648187
2012,Monroe,26,425417363,748789,4,45671,346299,4826390,34197629
2012,Montgomery,27,25658332,49827,4,36063,20991,4826390,1796894
2012,Nassau,28,1031191139,1350924,4.25,73102,644177,4826390,98754888
2012,Niagara,29,110000229,214767,4,37974,95800,4826390,8155531
2012,Onandaga,31,306430508,467471,4,43664,214416,4826390,20411776
2012,Oneida,30,125368977,233991,4.75,37806,99518,4826390,8846252
2012,Ontario,32,72813799,108795,3.5,43163,51920,4826390,4695919
2012,Orange,33,240233827,374026,3.75,43099,165254,4826390,16120119
2012,Orleans,34,14862779,42469,4,32180,17028,4826390,1366649
2012,Oswego,35,40546820,121572,4,33798,51535,4826390,4108876
2012,Otsego,36,33860059,61826,4,35335,28960,4826390,2184633
2012,Putnam,37,50205034,99644,4,61501,47852,4826390,6128224
2012,Rensselaer,38,75157952,159636,4,40992,77051,4826390,6543813
2012,Rockland,39,171411525,317775,4,51972,139318,4826390,16515488
2012,Saratoga,41,100345349,222531,3,54184,109414,4826390,12057541
2012,Schenectady,42,89733878,154885,4,44280,71988,4826390,6858305
2012,Schohaire,43,15113115,32071,4,33073,14021,4826390,1060700
2012,Schuyler,44,10019542,18576,4,35208,8177,4826390,654033
2012,Seneca,45,21126106,35381,4,33189,14931,4826390,1174277
2012,St. Lawrence,40,41475842,112595,3,31543,43584,4826390,3551594
2012,Steuben,46,46462628,99094,4,37033,41504,4826390,3669793
2012,Suffolk,47,1170619167,1500001,4.25,55106,718036,4826390,82659076
2012,Sullivan,48,33131934,76956,4,37051,32062,4826390,2851319
2012,Tioga,49,19341386,50378,4,37846,23435,4826390,1906596
2012,Tompkins,50,45435269,103133,4,38087,51649,4826390,3928047
2012,Ulster,51,101644060,181839,4,40637,83427,4826390,7389414
2012,Warren,52,46718382,65421,3,43807,30631,4826390,2865908
2012,Washington,53,17321680,63041,3,33719,27400,4826390,2125650
2012,Wayne,54,38561236,93017,4,37209,42495,4826390,3461048
2012,Westchester,55,453205209,961577,3,87794,442398,4826390,84420938
2012,Wyoming,56,15468215,41738,4,35048,17212,4826390,1462820
2012,Yates,57,9842104,25253,4,33716,11136,4826390,851433
2013,Albany,1,241604485,307776,4,51119,150352,5001242,15733345
2013,Allegany,2,18798769,48026,4.5,31257,21911,5001242,1501168
2013,Broome,3,128756449,198222,4,37626,84383,5001242,7458290
2013,Cattaraugus,4,33757960,79016,4,34605,34688,5001242,2734357
2013,Cayuga,5,33194681,79255,4,36471,35820,5001242,2890509
2013,Chautauqua,6,53343809,132991,3.5,33713,55127,5001242,4483485
2013,Chemung,7,59522727,88523,4,37533,36308,5001242,3322573
2013,Chenango,8,20324401,49479,4,35574,22231,5001242,1760178
2013,Clinton,9,54845236,81757,3.75,37162,33925,5001242,3038263
2013,Columbia,10,33577519,62298,4,46388,29796,5001242,2889857
2013,Cortland,11,27239893,49078,4,34597,22321,5001242,1697964
2013,Delaware,12,20166307,46876,4,34022,19303,5001242,1594828
2013,Dutchess,13,165888087,296963,3.75,45950,135245,5001242,13645443
2013,Erie,14,699012733,921794,4.75,43666,424145,5001242,40250786
2013,Essex,15,24162287,38853,3.75,38869,16537,5001242,1510193
2013,Franklin,16,20582020,51249,4,34567,19549,5001242,1771548
2013,Fulton,17,18160778,54546,4,35974,22289,5001242,1962238
2013,Genesee,18,36977405,59387,4,37839,28314,5001242,2247166
2013,Greene,19,27283457,48353,4,38889,19392,5001242,1880421
2013,Hamilton,20,2543861,4758,3,45800,2187,5001242,217916
2013,Herkimer,21,28793491,64181,4.25,35686,27527,5001242,2290338
2013,Jefferson,22,73392731,119192,3.75,41994,43662,5001242,5005369
2013,Lewis,23,10115254,27154,3.75,39631,11035,5001242,1076133
2013,Livingston,24,30286591,64764,4,35596,29502,5001242,2305361
2013,Madison,25,24045821,72559,4,36809,31654,5001242,2670809
2013,Monroe,26,444489935,750414,4,44949,346890,5001242,33730384
2013,Montgomery,27,27558048,49771,4,36541,20950,5001242,1818694
2013,Nassau,28,1079481313,1354842,4.25,72536,652816,5001242,98274786
2013,Niagara,29,113912901,214214,4,38490,95709,5001242,8245138
2013,Onandaga,31,322570300,469101,4,43706,214858,5001242,20502619
2013,Oneida,30,130243803,233760,4.75,38009,98813,5001242,8884893
2013,Ontario,32,76804802,109262,3.5,44073,52151,5001242,4815528
2013,Orange,33,255854263,374958,3.75,43945,165943,5001242,16477702
2013,Orleans,34,15003816,42323,4,32889,16930,5001242,1391947
2013,Oswego,35,42096176,121339,4,33871,51328,5001242,4109856
2013,Otsego,36,34629125,61599,4,35675,28876,5001242,2197560
2013,Putnam,37,51802272,99596,4,54893,48025,5001242,5467134
2013,Rensselaer,38,76485614,159784,4,42010,77565,5001242,6712484
2013,Rockland,39,175301755,320498,4,51460,140672,5001242,16492949
2013,Saratoga,41,106147080,224221,3,55040,110724,5001242,12341164
2013,Schenectady,42,92060547,154912,4,45589,72490,5001242,7062280
2013,Schohaire,43,15004449,31849,4,33758,13992,5001242,1075144
2013,Schuyler,44,9772718,18492,4,36036,8061,5001242,666386
2013,Seneca,45,22684578,35258,4,33531,14748,5001242,1182245
2013,St. Lawrence,40,42019686,112222,3,32289,43864,5001242,3623532
2013,Steuben,46,46512052,98987,4,37942,41634,5001242,3755771
2013,Suffolk,47,1208502982,1502288,4.25,55295,726623,5001242,83068727
2013,Sullivan,48,34122809,76929,4,37447,31629,5001242,2880748
2013,Tioga,49,20334083,50210,4,38031,23086,5001242,1909519
2013,Tompkins,50,46790912,104367,4,38254,52766,5001242,3992408
2013,Ulster,51,104118659,181054,4,41131,83506,5001242,7446984
2013,Warren,52,47835127,65146,3,44813,30294,5001242,2919357
2013,Washington,53,18199910,62744,3,34424,27094,5001242,2159924
2013,Wayne,54,39094038,92434,4,38526,42283,5001242,3561153
2013,Westchester,55,463514402,968826,3,87207,445698,5001242,84488001
2013,Wyoming,56,17148067,41400,4,36350,17246,5001242,1504901
2013,Yates,57,10306637,25135,4,34717,11105,5001242,872600
2014,Albany,1,239080716,308729,4,54355,149890,5211542,16780909
2014,Allegany,2,19395602,47781,4.5,32850,21918,5211542,1569623
2014,Broome,3,120796729,197516,4,38035,82321,5211542,7512596
2014,Cattaraugus,4,34910797,78638,4,35637,34132,5211542,2802419
2014,Cayuga,5,33269683,78836,4,37655,35435,5211542,2968596
2014,Chautauqua,6,52438320,131773,3.5,34945,53955,5211542,4604792
2014,Chemung,7,55417386,87469,4,38863,35856,5211542,3399343
2014,Chenango,8,20346075,49333,4,36667,21789,5211542,1808915
2014,Clinton,9,52877408,81702,3.75,38206,33674,5211542,3121530
2014,Columbia,10,33559582,61979,4,48506,29910,5211542,3006356
2014,Cortland,11,27322470,48929,4,35375,22169,5211542,1730860
2014,Delaware,12,20489736,46597,4,35446,18754,5211542,1651667
2014,Dutchess,13,164522428,296380,3.75,47198,134957,5211542,13988676
2014,Erie,14,706543661,923193,4.75,44922,421971,5211542,41471674
2014,Essex,15,26213216,38632,4,39980,16375,5211542,1544489
2014,Franklin,16,20747917,51133,4,35093,19064,5211542,1794397
2014,Fulton,17,18504938,54173,4,37068,21683,5211542,2008070
2014,Genesee,18,37783121,59099,4,39091,28420,5211542,2310248
2014,Greene,19,28455940,47919,4,40763,19357,5211542,1953346
2014,Hamilton,20,2853763,4706,4,50172,2253,5211542,236109
2014,Herkimer,21,29270482,63715,4.25,36037,26950,5211542,2296088
2014,Jefferson,22,70864407,118964,3.75,42533,43146,5211542,5059923
2014,Lewis,23,10525171,27172,4,40544,10958,5211542,1101666
2014,Livingston,24,29979570,64763,4,36489,29217,5211542,2363120
2014,Madison,25,25058919,72257,4,38271,31345,5211542,2765327
2014,Monroe,26,442160870,750362,4,45838,344087,5211542,34394753
2014,Montgomery,27,28135380,49729,4,36862,20646,5211542,1833090
2014,Nassau,28,1148461315,1358673,4.25,75609,654334,5211542,102728308
2014,Niagara,29,116143044,213449,4,39570,94600,5211542,8446229
2014,Onandaga,31,325397004,468659,4,45010,212606,5211542,21094572
2014,Oneida,30,130797582,233272,4.75,38411,97073,5211542,8960180
2014,Ontario,32,76301436,109583,3.5,45771,52017,5211542,5015698
2014,Orange,33,259313427,375994,3.75,45002,166146,5211542,16920593
2014,Orleans,34,14678548,41944,4,33451,16698,5211542,1403087
2014,Oswego,35,40657543,120835,4,34978,50715,5211542,4226618
2014,Otsego,36,34450834,60948,4,36989,28351,5211542,2254387
2014,Putnam,37,53125373,99252,4,56980,47899,5211542,5655367
2014,Rensselaer,38,76184199,160083,4,42899,76957,5211542,6867453
2014,Rockland,39,184942325,323323,4,52875,141957,5211542,17095666
2014,Saratoga,41,106977991,224704,3,56795,110486,5211542,12761964
2014,Schenectady,42,89784718,154919,4,46565,72168,5211542,7213784
2014,Schohaire,43,14167276,31656,4,34974,13781,5211542,1107125
2014,Schuyler,44,9448783,18301,4,37717,8018,5211542,690263
2014,Seneca,45,23250104,34890,4,34198,14673,5211542,1193173
2014,St. Lawrence,40,45263296,111753,4,33038,43516,5211542,3692054
2014,Steuben,46,44466509,98326,4,39050,41140,5211542,3839672
2014,Suffolk,47,1282099875,1502342,4.25,57196,726385,5211542,85928438
2014,Sullivan,48,33634897,75770,4,39353,31156,5211542,2981743
2014,Tioga,49,19105499,49930,4,38617,22375,5211542,1928162
2014,Tompkins,50,46725980,104727,4,39139,52467,5211542,4098867
2014,Ulster,51,99034123,180787,3,42650,83154,5211542,7710579
2014,Warren,52,48713464,64954,3,45507,30233,5211542,2955846
2014,Washington,53,19468033,62402,3,35621,26883,5211542,2222825
2014,Wayne,54,40336664,91914,4,39358,41753,5211542,3617570
2014,Westchester,55,489451508,972504,3,90999,447432,5211542,88497294
2014,Wyoming,56,16682181,41179,4,37968,17193,5211542,1563471
2014,Yates,57,10568815,25112,4,35604,11054,5211542,894088
2015,Albany,1,252678750,309381,4,56692,151766,5350508,17539410
2015,Allegany,2,20068318,47462,4.5,34004,21966,5350508,1613885
2015,Broome,3,119935166,196567,4,39634,81668,5350508,7790742
2015,Cattaraugus,4,36884493,77922,4,37080,34050,5350508,2889337
2015,Cayuga,5,35187385,78288,4,38257,35540,5350508,2995037
2015,Chautauqua,6,55684595,130779,3.5,36454,54325,5350508,4767434
2015,Chemung,7,59147288,87071,4,40149,35713,5350508,3495794
2015,Chenango,8,21187007,48844,4,37980,21857,5350508,1855106
2015,Clinton,9,53445159,81251,3.75,40253,33879,5350508,3270634
2015,Columbia,10,36040078,61509,4,50741,30240,5350508,3121025
2015,Cortland,11,29227427,48494,4,37265,22417,5350508,1807127
2015,Delaware,12,22068222,46053,4,36177,18495,5350508,1666057
2015,Dutchess,13,174697630,295754,3.75,48921,136823,5350508,14468595
2015,Erie,14,733365974,922578,4.75,46786,424830,5350508,43164184
2015,Essex,15,28171983,38478,4,40810,16323,5350508,1570297
2015,Franklin,16,22112891,50660,4,36113,19112,5350508,1829491
2015,Fulton,17,19626926,53992,4,38760,21924,5350508,2092716
2015,Genesee,18,38270652,58937,4,40532,28631,5350508,2388827
2015,Greene,19,29056554,47625,4,42203,19639,5350508,2009937
2015,Hamilton,20,3491946,4712,4,51895,2287,5350508,244527
2015,Herkimer,21,30159573,63100,4.25,37163,27100,5350508,2344989
2015,Jefferson,22,71966382,117635,4,43170,43466,5350508,5078352
2015,Lewis,23,12125273,26957,4,39857,10939,5350508,1074416
2015,Livingston,24,31401990,64717,4,37955,29480,5350508,2456344
2015,Madison,25,25922974,71849,4,39352,31530,5350508,2827407
2015,Monroe,26,453208971,749600,4,47986,346195,5350508,35970644
2015,Montgomery,27,29422175,49642,4,38872,20826,5350508,1929698
2015,Nassau,28,1075601388,1361350,4.25,77762,665806,5350508,105860697
2015,Niagara,29,119282056,212652,4,41355,95287,5350508,8794139
2015,Onandaga,31,339021212,468463,4,47034,213355,5350508,22033688
2015,Oneida,30,133107577,232500,4.75,39684,97494,5350508,9226571
2015,Ontario,32,78796234,109561,3.5,47900,52415,5350508,5248011
2015,Orange,33,261332770,377647,3.75,46513,169866,5350508,17565599
2015,Orleans,34,15877952,41582,4,35324,16860,5350508,1468822
2015,Oswego,35,41812359,120146,4,36593,50932,5350508,4396551
2015,Otsego,36,36015719,60636,4,38293,28208,5350508,2321945
2015,Putnam,37,56058374,99042,4,59160,48540,5350508,5859281
2015,Rensselaer,38,79765205,160266,4,44823,77945,5350508,7183544
2015,Rockland,39,195995014,326037,4,54838,145104,5350508,17879277
2015,Saratoga,41,111997682,226249,3,58979,111942,5350508,13343971
2015,Schenectady,42,95355613,154604,4,48206,73079,5350508,7452800
2015,Schohaire,43,15138160,31330,4,35998,13996,5350508,1127815
2015,Schuyler,44,10170340,18186,4,39124,8048,5350508,711516
2015,Seneca,45,22918928,34833,4,35472,15079,5350508,1235601
2015,St. Lawrence,40,56906835,111007,4,33882,43760,5350508,3761144
2015,Steuben,46,47325966,97631,4,40243,41104,5350508,3928927
2015,Suffolk,47,1297661047,1501587,4.25,59484,739146,5350508,89320692
2015,Sullivan,48,36108864,74877,4,42053,31942,5350508,3148783
2015,Tioga,49,20268170,49453,4,40033,22204,5350508,1979772
2015,Tompkins,50,50114389,104926,4,41095,53116,5350508,4311980
2015,Ulster,51,107017490,180143,4,44422,84099,5350508,8002232
2015,Warren,52,49719792,64688,3,47429,30620,5350508,3068102
2015,Washington,53,19931886,62230,3,36563,27292,5350508,2275293
2015,Wayne,54,41637631,91446,4,41524,42109,5350508,3797196
2015,Westchester,55,504131420,976396,3,93229,457407,5350508,91028734
2015,Wyoming,56,16787898,41013,4,37941,17365,5350508,1556070
2015,Yates,57,11020734,25048,4,36371,11210,5350508,911013